No.,Time,Source,Destination,Protocol,Length,Info,,,,,,,,,,,,Time 2,Time 1,,Delay,,Delay 2,Delay 1,,Jitter
1,0,192.168.1.6,69.171.250.60,TLSv1.2,173,Application Data,,,,,,,,,,,,0.017574,0,,0.017574,,0.213359,0.017574,,0.195785
2,0.017574,69.171.250.60,192.168.1.6,TCP,56,443  >  51962 [ACK] Seq=1 Ack=120 Win=470 Len=0,,,,,,,,,,,,0.230933,0.017574,,0.213359,,0.040111,0.213359,,-0.173248
3,0.230933,69.171.250.60,192.168.1.6,TLSv1.2,87,Application Data,,,,,,,,,,,,0.271044,0.230933,,0.040111,,0.785471,0.040111,,0.74536
4,0.271044,192.168.1.6,69.171.250.60,TCP,54,51962  >  443 [ACK] Seq=120 Ack=34 Win=516 Len=0,,,,,,,,,,,,1.056515,0.271044,,0.785471,,0.015009,0.785471,,-0.770462
5,1.056515,69.171.250.60,192.168.1.6,TLSv1.2,101,Application Data,,,,,,,,,,,,1.071524,1.056515,,0.015009,,7.3E-05,0.015009,,-0.014936
6,1.071524,69.171.250.60,192.168.1.6,TLSv1.2,141,Application Data,,,,,,,,,,,,1.071597,1.071524,,7.3E-05,,0.169881,7.3E-05,,0.169808
7,1.071597,192.168.1.6,69.171.250.60,TCP,54,51962  >  443 [ACK] Seq=120 Ack=168 Win=515 Len=0,,,,,,,,,,,,1.241478,1.071597,,0.169881,,0.000564,0.169881,,-0.169317
8,1.241478,192.168.1.6,118.98.109.80,TCP,66,51999  >  80 [SYN] Seq=0 Win=64240 Len=0 MSS=1460 WS=256 SACK_PERM=1,,,,,,,,,,,,1.242042,1.241478,,0.000564,,0.004272,0.000564,,0.003708
9,1.242042,fe80::3dfb:9bbe:e62a:b882,fe80::1,DNS,90,Standard query 0xd0c0 A github.com,,,,,,,,,,,,1.246314,1.242042,,0.004272,,0.004706,0.004272,,0.000434
10,1.246314,fe80::1,fe80::3dfb:9bbe:e62a:b882,DNS,106,Standard query response 0xd0c0 A github.com A 13.229.188.59,,,,,,,,,,,,1.25102,1.246314,,0.004706,,0.00039,0.004706,,-0.004316
11,1.25102,192.168.1.6,13.229.188.59,TCP,66,52001  >  443 [SYN] Seq=0 Win=64240 Len=0 MSS=1460 WS=256 SACK_PERM=1,,,,,,,,,,,,1.25141,1.25102,,0.00039,,0.033033,0.00039,,0.032643
12,1.25141,192.168.1.6,13.229.188.59,TCP,66,52002  >  443 [SYN] Seq=0 Win=64240 Len=0 MSS=1460 WS=256 SACK_PERM=1,,,,,,,,,,,,1.284443,1.25141,,0.033033,,0,0.033033,,-0.033033
13,1.284443,13.229.188.59,192.168.1.6,TCP,66,"443  >  52002 [SYN, ACK] Seq=0 Ack=1 Win=65535 Len=0 MSS=1436 SACK_PERM=1 WS=1024",,,,,,,,,,,,1.284443,1.284443,,0,,0.000307,0,,0.000307
14,1.284443,13.229.188.59,192.168.1.6,TCP,66,"443  >  52001 [SYN, ACK] Seq=0 Ack=1 Win=65535 Len=0 MSS=1436 SACK_PERM=1 WS=1024",,,,,,,,,,,,1.28475,1.284443,,0.000307,,0.000105,0.000307,,-0.000202
15,1.28475,192.168.1.6,13.229.188.59,TCP,54,52002  >  443 [ACK] Seq=1 Ack=1 Win=132096 Len=0,,,,,,,,,,,,1.284855,1.28475,,0.000105,,0.000524,0.000105,,0.000419
16,1.284855,192.168.1.6,13.229.188.59,TCP,54,52001  >  443 [ACK] Seq=1 Ack=1 Win=132096 Len=0,,,,,,,,,,,,1.285379,1.284855,,0.000524,,0.000678,0.000524,,0.000154
17,1.285379,192.168.1.6,13.229.188.59,TLSv1.3,571,Client Hello,,,,,,,,,,,,1.286057,1.285379,,0.000678,,0.021112,0.000678,,0.020434
18,1.286057,192.168.1.6,13.229.188.59,TLSv1.3,571,Client Hello,,,,,,,,,,,,1.307169,1.286057,,0.021112,,0,0.021112,,-0.021112
19,1.307169,13.229.188.59,192.168.1.6,TLSv1.3,1490,"Server Hello, Change Cipher Spec, Application Data",,,,,,,,,,,,1.307169,1.307169,,0,,0,0,,0
20,1.307169,13.229.188.59,192.168.1.6,TCP,1490,443  >  52002 [ACK] Seq=1437 Ack=518 Win=67584 Len=1436 [TCP segment of a reassembled PDU],,,,,,,,,,,,1.307169,1.307169,,0,,0.000274,0,,0.000274
21,1.307169,13.229.188.59,192.168.1.6,TLSv1.3,704,"Application Data, Application Data, Application Data",,,,,,,,,,,,1.307443,1.307169,,0.000274,,0.002392,0.000274,,0.002118
22,1.307443,192.168.1.6,13.229.188.59,TCP,54,52002  >  443 [ACK] Seq=518 Ack=3523 Win=132096 Len=0,,,,,,,,,,,,1.309835,1.307443,,0.002392,,0.000945,0.002392,,-0.001447
23,1.309835,192.168.1.6,13.229.188.59,TLSv1.3,118,"Change Cipher Spec, Application Data",,,,,,,,,,,,1.31078,1.309835,,0.000945,,0,0.000945,,-0.000945
24,1.31078,192.168.1.6,13.229.188.59,TCP,1490,52002  >  443 [ACK] Seq=582 Ack=3523 Win=132096 Len=1436 [TCP segment of a reassembled PDU],,,,,,,,,,,,1.31078,1.31078,,0,,0.001363,0,,0.001363
25,1.31078,192.168.1.6,13.229.188.59,TLSv1.3,549,Application Data,,,,,,,,,,,,1.312143,1.31078,,0.001363,,0,0.001363,,-0.001363
26,1.312143,13.229.188.59,192.168.1.6,TLSv1.3,1490,"Server Hello, Change Cipher Spec, Application Data",,,,,,,,,,,,1.312143,1.312143,,0,,0,0,,0
27,1.312143,13.229.188.59,192.168.1.6,TCP,1490,443  >  52001 [ACK] Seq=1437 Ack=518 Win=67584 Len=1436 [TCP segment of a reassembled PDU],,,,,,,,,,,,1.312143,1.312143,,0,,0.000219,0,,0.000219
28,1.312143,13.229.188.59,192.168.1.6,TLSv1.3,704,"Application Data, Application Data, Application Data",,,,,,,,,,,,1.312362,1.312143,,0.000219,,0.002457,0.000219,,0.002238
29,1.312362,192.168.1.6,13.229.188.59,TCP,54,52001  >  443 [ACK] Seq=518 Ack=3523 Win=132096 Len=0,,,,,,,,,,,,1.314819,1.312362,,0.002457,,0.015177,0.002457,,0.01272
30,1.314819,192.168.1.6,13.229.188.59,TLSv1.3,118,"Change Cipher Spec, Application Data",,,,,,,,,,,,1.329996,1.314819,,0.015177,,0,0.015177,,-0.015177
31,1.329996,13.229.188.59,192.168.1.6,TCP,56,443  >  52002 [ACK] Seq=3523 Ack=2018 Win=69632 Len=0,,,,,,,,,,,,1.329996,1.329996,,0,,0,0,,0
32,1.329996,13.229.188.59,192.168.1.6,TLSv1.3,133,Application Data,,,,,,,,,,,,1.329996,1.329996,,0,,0.000146,0,,0.000146
33,1.329996,13.229.188.59,192.168.1.6,TLSv1.3,133,Application Data,,,,,,,,,,,,1.330142,1.329996,,0.000146,,0.007492,0.000146,,0.007346
34,1.330142,192.168.1.6,13.229.188.59,TCP,54,52002  >  443 [ACK] Seq=2513 Ack=3681 Win=131840 Len=0,,,,,,,,,,,,1.337634,1.330142,,0.007492,,0,0.007492,,-0.007492
35,1.337634,13.229.188.59,192.168.1.6,TLSv1.3,133,Application Data,,,,,,,,,,,,,,,,,,,,
36,1.337634,13.229.188.59,192.168.1.6,TLSv1.3,133,Application Data,,,,,,,,,,,,,Total Delay,,1.337634,,,Total Jitter,,-0.017574
37,1.337774,192.168.1.6,13.229.188.59,TCP,54,52001  >  443 [ACK] Seq=582 Ack=3681 Win=131840 Len=0,,,,,,,,,,,,,Rata Rata Delay,,0.003294665,,,Rata Rata Jitter,,-4.3257
38,1.374324,13.229.188.59,192.168.1.6,TCP,56,443  >  52002 [ACK] Seq=3681 Ack=2513 Win=72704 Len=0,,,,,,,,,,,,,,,,,,,,
39,1.932524,13.229.188.59,192.168.1.6,TLSv1.3,1446,Application Data,,,,,,,,,,,,,,,,,,,,
40,1.932524,13.229.188.59,192.168.1.6,TLSv1.3,1446,Application Data,,,,,,,,,,,,,,,,,,,,
41,1.932524,13.229.188.59,192.168.1.6,TLSv1.3,1490,Application Data,,,,,,,,,,,,,,,,,,,,
42,1.932524,13.229.188.59,192.168.1.6,TLSv1.3,299,Application Data,,,,,,,,,,,,,,,,,,,,
43,1.932524,13.229.188.59,192.168.1.6,TLSv1.3,1490,Application Data,,,,,,,,,,,,,,,,,,,,
44,1.932524,13.229.188.59,192.168.1.6,TLSv1.3,1490,Application Data [TCP segment of a reassembled PDU],,,,,,,,,,,,,,,,,,,,
45,1.932524,13.229.188.59,192.168.1.6,TLSv1.3,1490,Application Data [TCP segment of a reassembled PDU],,,,,,,,,,,,,,,,,,,,
46,1.932524,13.229.188.59,192.168.1.6,TLSv1.3,1490,Application Data [TCP segment of a reassembled PDU],,,,,,,,,,,,,,,,,,,,
47,1.932826,192.168.1.6,13.229.188.59,TCP,54,52002  >  443 [ACK] Seq=2513 Ack=13890 Win=132096 Len=0,,,,,,,,,,,,,,,,,,,,
48,1.933866,13.229.188.59,192.168.1.6,TLSv1.3,1490,Application Data [TCP segment of a reassembled PDU],,,,,,,,,,,,,,,,,,,,
49,1.933866,13.229.188.59,192.168.1.6,TLSv1.3,1490,Application Data [TCP segment of a reassembled PDU],,,,,,,,,,,,,,,,,,,,
50,1.933972,192.168.1.6,13.229.188.59,TCP,54,52002  >  443 [ACK] Seq=2513 Ack=16762 Win=132096 Len=0,,,,,,,,,,,,,,,,,,,,
51,1.950363,192.168.1.6,140.82.114.25,TLSv1.2,242,Application Data,,,,,,,,,,,,,,,,,,,,
52,1.951035,13.229.188.59,192.168.1.6,TLSv1.3,1490,Application Data [TCP segment of a reassembled PDU],,,,,,,,,,,,,,,,,,,,
53,1.951035,13.229.188.59,192.168.1.6,TLSv1.3,1490,Application Data [TCP segment of a reassembled PDU],,,,,,,,,,,,,,,,,,,,
54,1.951131,192.168.1.6,13.229.188.59,TCP,54,52002  >  443 [ACK] Seq=2513 Ack=19634 Win=132096 Len=0,,,,,,,,,,,,,,,,,,,,
55,1.95178,13.229.188.59,192.168.1.6,TLSv1.3,1490,Application Data [TCP segment of a reassembled PDU],,,,,,,,,,,,,,,,,,,,
56,1.95178,13.229.188.59,192.168.1.6,TLSv1.3,1490,Application Data [TCP segment of a reassembled PDU],,,,,,,,,,,,,,,,,,,,
57,1.95178,13.229.188.59,192.168.1.6,TLSv1.3,1490,Application Data [TCP segment of a reassembled PDU],,,,,,,,,,,,,,,,,,,,
58,1.951888,192.168.1.6,13.229.188.59,TCP,54,52002  >  443 [ACK] Seq=2513 Ack=23942 Win=132096 Len=0,,,,,,,,,,,,,,,,,,,,
59,1.956029,13.229.188.59,192.168.1.6,TLSv1.3,1490,Application Data [TCP segment of a reassembled PDU],,,,,,,,,,,,,,,,,,,,
60,1.956029,13.229.188.59,192.168.1.6,TLSv1.3,1490,Application Data [TCP segment of a reassembled PDU],,,,,,,,,,,,,,,,,,,,
61,1.956029,13.229.188.59,192.168.1.6,TLSv1.3,1490,Application Data [TCP segment of a reassembled PDU],,,,,,,,,,,,,,,,,,,,
62,1.956029,13.229.188.59,192.168.1.6,TLSv1.3,1490,Application Data [TCP segment of a reassembled PDU],,,,,,,,,,,,,,,,,,,,
63,1.956029,13.229.188.59,192.168.1.6,TLSv1.3,1490,Application Data [TCP segment of a reassembled PDU],,,,,,,,,,,,,,,,,,,,
64,1.956029,13.229.188.59,192.168.1.6,TLSv1.3,1490,Application Data [TCP segment of a reassembled PDU],,,,,,,,,,,,,,,,,,,,
65,1.956029,13.229.188.59,192.168.1.6,TLSv1.3,1490,Application Data [TCP segment of a reassembled PDU],,,,,,,,,,,,,,,,,,,,
66,1.956029,13.229.188.59,192.168.1.6,TLSv1.3,1490,Application Data [TCP segment of a reassembled PDU],,,,,,,,,,,,,,,,,,,,
67,1.956029,13.229.188.59,192.168.1.6,TLSv1.3,924,"Application Data, Application Data",,,,,,,,,,,,,,,,,,,,
68,1.956179,192.168.1.6,13.229.188.59,TCP,54,52002  >  443 [ACK] Seq=2513 Ack=36300 Win=132096 Len=0,,,,,,,,,,,,,,,,,,,,
69,1.96252,192.168.1.6,140.82.114.25,TLSv1.2,84,Application Data,,,,,,,,,,,,,,,,,,,,
70,1.962933,192.168.1.6,140.82.114.25,TCP,54,"51981  >  443 [FIN, ACK] Seq=219 Ack=1 Win=512 Len=0",,,,,,,,,,,,,,,,,,,,
71,2.047853,fe80::3dfb:9bbe:e62a:b882,fe80::1,DNS,110,Standard query 0x3648 A avatars0.githubusercontent.com,,,,,,,,,,,,,,,,,,,,
72,2.048482,fe80::3dfb:9bbe:e62a:b882,fe80::1,DNS,110,Standard query 0xdf72 A avatars1.githubusercontent.com,,,,,,,,,,,,,,,,,,,,
73,2.049682,fe80::3dfb:9bbe:e62a:b882,fe80::1,DNS,110,Standard query 0x0f2f A avatars2.githubusercontent.com,,,,,,,,,,,,,,,,,,,,
74,2.063833,fe80::1,fe80::3dfb:9bbe:e62a:b882,DNS,161,Standard query response 0xdf72 A avatars1.githubusercontent.com CNAME github.map.fastly.net A 151.101.8.133,,,,,,,,,,,,,,,,,,,,
75,2.06659,fe80::3dfb:9bbe:e62a:b882,fe80::1,DNS,110,Standard query 0x3266 A avatars3.githubusercontent.com,,,,,,,,,,,,,,,,,,,,
76,2.079775,fe80::1,fe80::3dfb:9bbe:e62a:b882,DNS,161,Standard query response 0x3648 A avatars0.githubusercontent.com CNAME github.map.fastly.net A 151.101.8.133,,,,,,,,,,,,,,,,,,,,
77,2.082311,fe80::3dfb:9bbe:e62a:b882,fe80::1,DNS,109,Standard query 0xff01 A github-cloud.s3.amazonaws.com,,,,,,,,,,,,,,,,,,,,
78,2.083405,192.168.1.6,192.168.1.1,DNS,90,Standard query 0x0f2f A avatars2.githubusercontent.com,,,,,,,,,,,,,,,,,,,,
79,2.09711,192.168.1.6,192.168.1.1,DNS,90,Standard query 0x3266 A avatars3.githubusercontent.com,,,,,,,,,,,,,,,,,,,,
80,2.112986,192.168.1.6,192.168.1.1,DNS,89,Standard query 0xff01 A github-cloud.s3.amazonaws.com,,,,,,,,,,,,,,,,,,,,
81,2.114758,fe80::1,fe80::3dfb:9bbe:e62a:b882,DNS,161,Standard query response 0x0f2f A avatars2.githubusercontent.com CNAME github.map.fastly.net A 151.101.8.133,,,,,,,,,,,,,,,,,,,,
82,2.11564,fe80::1,fe80::3dfb:9bbe:e62a:b882,DNS,146,Standard query response 0xff01 A github-cloud.s3.amazonaws.com CNAME s3-1-w.amazonaws.com A 52.216.96.11,,,,,,,,,,,,,,,,,,,,
83,2.120418,fe80::3dfb:9bbe:e62a:b882,fe80::1,DNS,113,Standard query 0xa03a A user-images.githubusercontent.com,,,,,,,,,,,,,,,,,,,,
84,2.148079,fe80::1,fe80::3dfb:9bbe:e62a:b882,DNS,164,Standard query response 0xa03a A user-images.githubusercontent.com CNAME github.map.fastly.net A 151.101.8.133,,,,,,,,,,,,,,,,,,,,
85,2.149849,192.168.1.6,74.125.130.95,UDP,1392,51919  >  443 Len=1350,,,,,,,,,,,,,,,,,,,,
86,2.150712,192.168.1.6,74.125.130.95,UDP,584,51919  >  443 Len=542,,,,,,,,,,,,,,,,,,,,
87,2.171686,74.125.130.95,192.168.1.6,UDP,1392,443  >  51919 Len=1350,,,,,,,,,,,,,,,,,,,,
88,2.172725,192.168.1.6,74.125.130.95,UDP,75,51919  >  443 Len=33,,,,,,,,,,,,,,,,,,,,
89,2.178945,192.168.1.6,13.229.188.59,TCP,1490,52002  >  443 [ACK] Seq=2513 Ack=36300 Win=132096 Len=1436 [TCP segment of a reassembled PDU],,,,,,,,,,,,,,,,,,,,
90,2.178945,192.168.1.6,13.229.188.59,TLSv1.3,349,Application Data,,,,,,,,,,,,,,,,,,,,
91,2.180084,192.168.1.6,13.229.188.59,TCP,1490,52001  >  443 [ACK] Seq=582 Ack=3681 Win=131840 Len=1436 [TCP segment of a reassembled PDU],,,,,,,,,,,,,,,,,,,,
92,2.180084,192.168.1.6,13.229.188.59,TLSv1.3,398,Application Data,,,,,,,,,,,,,,,,,,,,
93,2.197783,74.125.130.95,192.168.1.6,UDP,67,443  >  51919 Len=25,,,,,,,,,,,,,,,,,,,,
94,2.197783,13.229.188.59,192.168.1.6,TCP,56,443  >  52002 [ACK] Seq=36300 Ack=3949 Win=75776 Len=0,,,,,,,,,,,,,,,,,,,,
95,2.199548,13.229.188.59,192.168.1.6,TCP,56,443  >  52002 [ACK] Seq=36300 Ack=4244 Win=78848 Len=0,,,,,,,,,,,,,,,,,,,,
96,2.204974,13.229.188.59,192.168.1.6,TCP,56,443  >  52001 [ACK] Seq=3681 Ack=2362 Win=72704 Len=0,,,,,,,,,,,,,,,,,,,,
97,2.224092,74.125.130.95,192.168.1.6,UDP,518,443  >  51919 Len=476,,,,,,,,,,,,,,,,,,,,
98,2.226165,74.125.130.95,192.168.1.6,UDP,302,443  >  51919 Len=260,,,,,,,,,,,,,,,,,,,,
99,2.226941,192.168.1.6,74.125.130.95,UDP,75,51919  >  443 Len=33,,,,,,,,,,,,,,,,,,,,
100,2.229642,192.168.1.6,13.229.188.59,TCP,66,52003  >  443 [SYN] Seq=0 Win=64240 Len=0 MSS=1460 WS=256 SACK_PERM=1,,,,,,,,,,,,,,,,,,,,
101,2.237891,140.82.114.25,192.168.1.6,TCP,66,443  >  51981 [ACK] Seq=1 Ack=1 Win=69 Len=0 SLE=189 SRE=219,,,,,,,,,,,,,,,,,,,,
102,2.23874,140.82.114.25,192.168.1.6,TCP,66,[TCP Dup ACK 101#1] 443  >  51981 [ACK] Seq=1 Ack=1 Win=69 Len=0 SLE=189 SRE=220,,,,,,,,,,,,,,,,,,,,
103,2.243915,fe80::3dfb:9bbe:e62a:b882,fe80::1,ICMPv6,86,Neighbor Solicitation for fe80::1 from f8:a2:d6:13:78:4e,,,,,,,,,,,,,,,,,,,,
104,2.244832,fe80::1,fe80::3dfb:9bbe:e62a:b882,ICMPv6,78,"Neighbor Advertisement fe80::1 (rtr, sol)",,,,,,,,,,,,,,,,,,,,
105,2.246788,192.168.1.6,172.217.27.46,UDP,1392,51921  >  443 Len=1350,,,,,,,,,,,,,,,,,,,,
106,2.248542,13.229.188.59,192.168.1.6,TCP,66,"443  >  52003 [SYN, ACK] Seq=0 Ack=1 Win=65535 Len=0 MSS=1436 SACK_PERM=1 WS=1024",,,,,,,,,,,,,,,,,,,,
107,2.248719,192.168.1.6,13.229.188.59,TCP,54,52003  >  443 [ACK] Seq=1 Ack=1 Win=132096 Len=0,,,,,,,,,,,,,,,,,,,,
108,2.248719,192.168.1.6,13.229.188.59,TCP,66,52004  >  443 [SYN] Seq=0 Win=64240 Len=0 MSS=1460 WS=256 SACK_PERM=1,,,,,,,,,,,,,,,,,,,,
109,2.249403,192.168.1.6,13.229.188.59,TLSv1.3,571,Client Hello,,,,,,,,,,,,,,,,,,,,
110,2.268105,172.217.27.46,192.168.1.6,UDP,1392,443  >  51921 Len=1350,,,,,,,,,,,,,,,,,,,,
111,2.268105,13.229.188.59,192.168.1.6,TCP,66,"443  >  52004 [SYN, ACK] Seq=0 Ack=1 Win=65535 Len=0 MSS=1436 SACK_PERM=1 WS=1024",,,,,,,,,,,,,,,,,,,,
112,2.268388,192.168.1.6,13.229.188.59,TCP,54,52004  >  443 [ACK] Seq=1 Ack=1 Win=132096 Len=0,,,,,,,,,,,,,,,,,,,,
113,2.268952,13.229.188.59,192.168.1.6,TLSv1.3,298,"Server Hello, Change Cipher Spec, Application Data, Application Data",,,,,,,,,,,,,,,,,,,,
114,2.27003,192.168.1.6,172.217.27.46,UDP,75,51921  >  443 Len=33,,,,,,,,,,,,,,,,,,,,
115,2.270668,192.168.1.6,13.229.188.59,TLSv1.3,571,Client Hello,,,,,,,,,,,,,,,,,,,,
116,2.274026,192.168.1.6,13.229.188.59,TLSv1.3,118,"Change Cipher Spec, Application Data",,,,,,,,,,,,,,,,,,,,
117,2.274639,192.168.1.6,172.217.27.46,UDP,748,51921  >  443 Len=706,,,,,,,,,,,,,,,,,,,,
118,2.275355,192.168.1.6,13.229.188.59,TCP,1490,52003  >  443 [ACK] Seq=582 Ack=245 Win=131840 Len=1436 [TCP segment of a reassembled PDU],,,,,,,,,,,,,,,,,,,,
119,2.275355,192.168.1.6,13.229.188.59,TLSv1.3,371,Application Data,,,,,,,,,,,,,,,,,,,,
120,2.293165,13.229.188.59,192.168.1.6,TLSv1.3,1490,"Server Hello, Change Cipher Spec, Application Data",,,,,,,,,,,,,,,,,,,,
121,2.293165,13.229.188.59,192.168.1.6,TCP,1490,443  >  52004 [ACK] Seq=1437 Ack=518 Win=67584 Len=1436 [TCP segment of a reassembled PDU],,,,,,,,,,,,,,,,,,,,
122,2.293356,192.168.1.6,13.229.188.59,TCP,54,52004  >  443 [ACK] Seq=518 Ack=2873 Win=132096 Len=0,,,,,,,,,,,,,,,,,,,,
123,2.293847,13.229.188.59,192.168.1.6,TLSv1.3,704,"Application Data, Application Data, Application Data",,,,,,,,,,,,,,,,,,,,
124,2.293847,13.229.188.59,192.168.1.6,TLSv1.3,133,Application Data,,,,,,,,,,,,,,,,,,,,
125,2.293847,fe80::1,fe80::3dfb:9bbe:e62a:b882,DNS,161,Standard query response 0x3266 A avatars3.githubusercontent.com CNAME github.map.fastly.net A 151.101.8.133,,,,,,,,,,,,,,,,,,,,
126,2.294273,172.217.27.46,192.168.1.6,UDP,498,443  >  51921 Len=456,,,,,,,,,,,,,,,,,,,,
127,2.294273,172.217.27.46,192.168.1.6,UDP,67,443  >  51921 Len=25,,,,,,,,,,,,,,,,,,,,
128,2.295961,192.168.1.6,13.229.188.59,TLSv1.3,118,"Change Cipher Spec, Application Data",,,,,,,,,,,,,,,,,,,,
129,2.296622,13.229.188.59,192.168.1.6,TCP,56,443  >  52003 [ACK] Seq=324 Ack=2335 Win=72704 Len=0,,,,,,,,,,,,,,,,,,,,
130,2.296795,192.168.1.6,172.217.27.46,UDP,75,51921  >  443 Len=33,,,,,,,,,,,,,,,,,,,,
131,2.297694,192.168.1.6,13.229.188.59,TCP,1490,52004  >  443 [ACK] Seq=582 Ack=3523 Win=131328 Len=1436 [TCP segment of a reassembled PDU],,,,,,,,,,,,,,,,,,,,
132,2.297694,192.168.1.6,13.229.188.59,TLSv1.3,348,Application Data,,,,,,,,,,,,,,,,,,,,
133,2.308737,fe80::3dfb:9bbe:e62a:b882,fe80::1,DNS,103,Standard query 0x809b A collector.githubapp.com,,,,,,,,,,,,,,,,,,,,
134,2.314902,13.229.188.59,192.168.1.6,TLSv1.3,133,Application Data,,,,,,,,,,,,,,,,,,,,
135,2.314902,13.229.188.59,192.168.1.6,TLSv1.3,133,Application Data,,,,,,,,,,,,,,,,,,,,
136,2.315035,192.168.1.6,13.229.188.59,TCP,54,52004  >  443 [ACK] Seq=2312 Ack=3681 Win=131072 Len=0,,,,,,,,,,,,,,,,,,,,
137,2.318952,13.229.188.59,192.168.1.6,TCP,56,443  >  52004 [ACK] Seq=3681 Ack=2312 Win=72704 Len=0,,,,,,,,,,,,,,,,,,,,
138,2.324928,192.168.1.6,185.199.108.154,TLSv1.2,192,Application Data,,,,,,,,,,,,,,,,,,,,
139,2.325231,192.168.1.6,185.199.108.154,TLSv1.2,100,Application Data,,,,,,,,,,,,,,,,,,,,
140,2.331266,fe80::3dfb:9bbe:e62a:b882,fe80::1,DNS,94,Standard query 0x9267 A api.github.com,,,,,,,,,,,,,,,,,,,,
141,2.333936,fe80::1,fe80::3dfb:9bbe:e62a:b882,DNS,110,Standard query response 0x9267 A api.github.com A 13.250.168.23,,,,,,,,,,,,,,,,,,,,
142,2.334568,192.168.1.6,13.229.188.59,TCP,54,52003  >  443 [ACK] Seq=2335 Ack=324 Win=131584 Len=0,,,,,,,,,,,,,,,,,,,,
143,2.335433,192.168.1.6,13.250.168.23,TCP,66,52005  >  443 [SYN] Seq=0 Win=64240 Len=0 MSS=1460 WS=256 SACK_PERM=1,,,,,,,,,,,,,,,,,,,,
144,2.340115,192.168.1.6,192.168.1.1,DNS,83,Standard query 0x809b A collector.githubapp.com,,,,,,,,,,,,,,,,,,,,
145,2.343504,185.199.108.154,192.168.1.6,TCP,56,443  >  51892 [ACK] Seq=1 Ack=139 Win=82 Len=0,,,,,,,,,,,,,,,,,,,,
146,2.343504,185.199.108.154,192.168.1.6,TCP,56,443  >  51892 [ACK] Seq=1 Ack=185 Win=82 Len=0,,,,,,,,,,,,,,,,,,,,
147,2.344732,185.199.108.154,192.168.1.6,TLSv1.2,100,Application Data,,,,,,,,,,,,,,,,,,,,
148,2.34545,185.199.108.154,192.168.1.6,TLSv1.2,1261,Application Data,,,,,,,,,,,,,,,,,,,,
149,2.345523,192.168.1.6,185.199.108.154,TCP,54,51892  >  443 [ACK] Seq=185 Ack=1254 Win=8264 Len=0,,,,,,,,,,,,,,,,,,,,
150,2.361667,13.250.168.23,192.168.1.6,TCP,66,"443  >  52005 [SYN, ACK] Seq=0 Ack=1 Win=65535 Len=0 MSS=1436 SACK_PERM=1 WS=1024",,,,,,,,,,,,,,,,,,,,
151,2.361853,192.168.1.6,13.250.168.23,TCP,54,52005  >  443 [ACK] Seq=1 Ack=1 Win=132096 Len=0,,,,,,,,,,,,,,,,,,,,
152,2.362443,192.168.1.6,13.250.168.23,TLSv1.3,571,Client Hello,,,,,,,,,,,,,,,,,,,,
153,2.388277,13.250.168.23,192.168.1.6,TLSv1.3,1490,"Server Hello, Change Cipher Spec, Application Data",,,,,,,,,,,,,,,,,,,,
154,2.388277,13.250.168.23,192.168.1.6,TCP,1490,443  >  52005 [ACK] Seq=1437 Ack=518 Win=67584 Len=1436 [TCP segment of a reassembled PDU],,,,,,,,,,,,,,,,,,,,
155,2.388277,13.250.168.23,192.168.1.6,TLSv1.3,703,"Application Data, Application Data, Application Data",,,,,,,,,,,,,,,,,,,,
156,2.388561,192.168.1.6,13.250.168.23,TCP,54,52005  >  443 [ACK] Seq=518 Ack=3522 Win=132096 Len=0,,,,,,,,,,,,,,,,,,,,
157,2.391573,192.168.1.6,13.250.168.23,TLSv1.3,118,"Change Cipher Spec, Application Data",,,,,,,,,,,,,,,,,,,,
158,2.392174,192.168.1.6,13.250.168.23,TLSv1.3,772,Application Data,,,,,,,,,,,,,,,,,,,,
159,2.392472,192.168.1.6,13.250.168.23,TCP,1490,52005  >  443 [ACK] Seq=1300 Ack=3522 Win=132096 Len=1436 [TCP segment of a reassembled PDU],,,,,,,,,,,,,,,,,,,,
160,2.392472,192.168.1.6,13.250.168.23,TCP,1490,52005  >  443 [ACK] Seq=2736 Ack=3522 Win=132096 Len=1436 [TCP segment of a reassembled PDU],,,,,,,,,,,,,,,,,,,,
161,2.392472,192.168.1.6,13.250.168.23,TCP,1490,52005  >  443 [ACK] Seq=4172 Ack=3522 Win=132096 Len=1436 [TCP segment of a reassembled PDU],,,,,,,,,,,,,,,,,,,,
162,2.392472,192.168.1.6,13.250.168.23,TCP,1490,52005  >  443 [ACK] Seq=5608 Ack=3522 Win=132096 Len=1436 [TCP segment of a reassembled PDU],,,,,,,,,,,,,,,,,,,,
163,2.392472,192.168.1.6,13.250.168.23,TCP,1490,52005  >  443 [ACK] Seq=7044 Ack=3522 Win=132096 Len=1436 [TCP segment of a reassembled PDU],,,,,,,,,,,,,,,,,,,,
164,2.392472,192.168.1.6,13.250.168.23,TCP,1490,52005  >  443 [ACK] Seq=8480 Ack=3522 Win=132096 Len=1436 [TCP segment of a reassembled PDU],,,,,,,,,,,,,,,,,,,,
165,2.392472,192.168.1.6,13.250.168.23,TLSv1.3,110,Application Data,,,,,,,,,,,,,,,,,,,,
166,2.395007,192.168.1.6,140.82.114.25,TCP,272,"[TCP Retransmission] 51981  >  443 [FIN, PSH, ACK] Seq=1 Ack=1 Win=512 Len=218",,,,,,,,,,,,,,,,,,,,
167,2.412836,13.250.168.23,192.168.1.6,TLSv1.3,133,Application Data,,,,,,,,,,,,,,,,,,,,
168,2.412836,13.250.168.23,192.168.1.6,TLSv1.3,133,Application Data,,,,,,,,,,,,,,,,,,,,
169,2.412967,192.168.1.6,13.250.168.23,TCP,54,52005  >  443 [ACK] Seq=9972 Ack=3680 Win=131840 Len=0,,,,,,,,,,,,,,,,,,,,
170,2.416303,13.250.168.23,192.168.1.6,TCP,56,443  >  52005 [ACK] Seq=3680 Ack=1300 Win=68608 Len=0,,,,,,,,,,,,,,,,,,,,
171,2.416303,13.250.168.23,192.168.1.6,TCP,56,443  >  52005 [ACK] Seq=3680 Ack=2736 Win=71680 Len=0,,,,,,,,,,,,,,,,,,,,
172,2.416451,13.250.168.23,192.168.1.6,TCP,56,443  >  52005 [ACK] Seq=3680 Ack=4172 Win=74752 Len=0,,,,,,,,,,,,,,,,,,,,
173,2.417541,13.250.168.23,192.168.1.6,TCP,56,443  >  52005 [ACK] Seq=3680 Ack=5608 Win=76800 Len=0,,,,,,,,,,,,,,,,,,,,
174,2.418262,13.250.168.23,192.168.1.6,TCP,56,443  >  52005 [ACK] Seq=3680 Ack=7044 Win=79872 Len=0,,,,,,,,,,,,,,,,,,,,
175,2.419668,13.250.168.23,192.168.1.6,TCP,56,443  >  52005 [ACK] Seq=3680 Ack=8480 Win=82944 Len=0,,,,,,,,,,,,,,,,,,,,
176,2.421033,13.250.168.23,192.168.1.6,TCP,56,443  >  52005 [ACK] Seq=3680 Ack=9972 Win=86016 Len=0,,,,,,,,,,,,,,,,,,,,
177,2.523595,13.229.188.59,192.168.1.6,TLSv1.3,1446,Application Data,,,,,,,,,,,,,,,,,,,,
178,2.523595,13.229.188.59,192.168.1.6,TLSv1.3,1446,Application Data,,,,,,,,,,,,,,,,,,,,
179,2.523595,13.229.188.59,192.168.1.6,TLSv1.3,326,Application Data,,,,,,,,,,,,,,,,,,,,
180,2.52375,192.168.1.6,13.229.188.59,TCP,54,52001  >  443 [ACK] Seq=2362 Ack=6737 Win=132096 Len=0,,,,,,,,,,,,,,,,,,,,
181,2.529469,13.229.188.59,192.168.1.6,TLSv1.3,1446,Application Data,,,,,,,,,,,,,,,,,,,,
182,2.529469,13.229.188.59,192.168.1.6,TLSv1.3,1446,Application Data,,,,,,,,,,,,,,,,,,,,
183,2.529469,13.229.188.59,192.168.1.6,TLSv1.3,269,Application Data,,,,,,,,,,,,,,,,,,,,
184,2.529469,13.229.188.59,192.168.1.6,TLSv1.3,107,Application Data,,,,,,,,,,,,,,,,,,,,
185,2.529607,192.168.1.6,13.229.188.59,TCP,54,52002  >  443 [ACK] Seq=4244 Ack=39352 Win=132096 Len=0,,,,,,,,,,,,,,,,,,,,
186,2.556389,192.168.1.6,13.229.188.59,TCP,1490,52002  >  443 [ACK] Seq=4244 Ack=39352 Win=132096 Len=1436 [TCP segment of a reassembled PDU],,,,,,,,,,,,,,,,,,,,
187,2.556389,192.168.1.6,13.229.188.59,TLSv1.3,389,Application Data,,,,,,,,,,,,,,,,,,,,
188,2.572316,13.229.188.59,192.168.1.6,TLSv1.3,1446,Application Data,,,,,,,,,,,,,,,,,,,,
189,2.572316,13.229.188.59,192.168.1.6,TLSv1.3,361,Application Data,,,,,,,,,,,,,,,,,,,,
190,2.572644,192.168.1.6,13.229.188.59,TCP,54,52004  >  443 [ACK] Seq=2312 Ack=5380 Win=132096 Len=0,,,,,,,,,,,,,,,,,,,,
191,2.57585,13.229.188.59,192.168.1.6,TCP,56,443  >  52002 [ACK] Seq=39352 Ack=5680 Win=81920 Len=0,,,,,,,,,,,,,,,,,,,,
192,2.576957,13.229.188.59,192.168.1.6,TCP,56,443  >  52002 [ACK] Seq=39352 Ack=6015 Win=83968 Len=0,,,,,,,,,,,,,,,,,,,,
193,2.601948,13.229.188.59,192.168.1.6,TLSv1.3,1446,Application Data,,,,,,,,,,,,,,,,,,,,
194,2.601948,13.229.188.59,192.168.1.6,TLSv1.3,1446,Application Data,,,,,,,,,,,,,,,,,,,,
195,2.601948,13.229.188.59,192.168.1.6,TLSv1.3,296,Application Data,,,,,,,,,,,,,,,,,,,,
196,2.60219,192.168.1.6,13.229.188.59,TCP,54,52003  >  443 [ACK] Seq=2335 Ack=3350 Win=132096 Len=0,,,,,,,,,,,,,,,,,,,,
197,2.615749,fe80::3dfb:9bbe:e62a:b882,fe80::1,DNS,96,Standard query 0xbf86 A alive.github.com,,,,,,,,,,,,,,,,,,,,
198,2.642132,fe80::1,fe80::3dfb:9bbe:e62a:b882,DNS,339,Standard query response 0x809b A collector.githubapp.com CNAME analytics-collector-28944298.us-east-1.elb.amazonaws.com A 54.174.34.153 A 52.206.77.241 NS ns-1119.awsdns-11.org NS ns-1793.awsdns-32.co.uk NS ns-235.awsdns-29.com NS ns-934.awsdns-52.net,,,,,,,,,,,,,,,,,,,,
199,2.643446,192.168.1.6,54.174.34.153,TCP,66,52006  >  443 [SYN] Seq=0 Win=64240 Len=0 MSS=1460 WS=256 SACK_PERM=1,,,,,,,,,,,,,,,,,,,,
200,2.647386,192.168.1.6,192.168.1.1,DNS,76,Standard query 0xbf86 A alive.github.com,,,,,,,,,,,,,,,,,,,,
201,2.676467,140.82.114.25,192.168.1.6,TLSv1.2,127,Application Data,,,,,,,,,,,,,,,,,,,,
202,2.676467,140.82.114.25,192.168.1.6,TLSv1.2,80,Application Data,,,,,,,,,,,,,,,,,,,,
203,2.676467,140.82.114.25,192.168.1.6,TLSv1.2,78,Application Data,,,,,,,,,,,,,,,,,,,,
204,2.676712,192.168.1.6,140.82.114.25,TCP,54,"51981  >  443 [RST, ACK] Seq=220 Ack=74 Win=0 Len=0",,,,,,,,,,,,,,,,,,,,
205,2.676866,192.168.1.6,140.82.114.25,TCP,54,51981  >  443 [RST] Seq=220 Win=0 Len=0,,,,,,,,,,,,,,,,,,,,
206,2.676909,192.168.1.6,140.82.114.25,TCP,54,51981  >  443 [RST] Seq=220 Win=0 Len=0,,,,,,,,,,,,,,,,,,,,
207,2.678421,13.250.168.23,192.168.1.6,TLSv1.3,1086,Application Data,,,,,,,,,,,,,,,,,,,,
208,2.71895,192.168.1.6,13.250.168.23,TCP,54,52005  >  443 [ACK] Seq=9972 Ack=4712 Win=130816 Len=0,,,,,,,,,,,,,,,,,,,,
209,2.808925,192.168.1.6,54.174.34.153,TCP,66,52007  >  443 [SYN] Seq=0 Win=64240 Len=0 MSS=1460 WS=256 SACK_PERM=1,,,,,,,,,,,,,,,,,,,,
210,2.844748,fe80::1,fe80::3dfb:9bbe:e62a:b882,DNS,131,Standard query response 0xbf86 A alive.github.com CNAME live.github.com A 140.82.112.26,,,,,,,,,,,,,,,,,,,,
211,2.845883,192.168.1.6,140.82.112.26,TCP,66,52008  >  443 [SYN] Seq=0 Win=64240 Len=0 MSS=1460 WS=256 SACK_PERM=1,,,,,,,,,,,,,,,,,,,,
212,2.900198,13.229.188.59,192.168.1.6,TLSv1.3,1446,Application Data,,,,,,,,,,,,,,,,,,,,
213,2.900198,13.229.188.59,192.168.1.6,TLSv1.3,1446,Application Data,,,,,,,,,,,,,,,,,,,,
214,2.900198,13.229.188.59,192.168.1.6,TLSv1.3,309,Application Data,,,,,,,,,,,,,,,,,,,,
215,2.900292,192.168.1.6,13.229.188.59,TCP,54,52002  >  443 [ACK] Seq=6015 Ack=42391 Win=132096 Len=0,,,,,,,,,,,,,,,,,,,,
216,2.90239,54.174.34.153,192.168.1.6,TCP,58,"443  >  52006 [SYN, ACK] Seq=0 Ack=1 Win=26883 Len=0 MSS=1452",,,,,,,,,,,,,,,,,,,,
217,2.902572,192.168.1.6,54.174.34.153,TCP,54,52006  >  443 [ACK] Seq=1 Ack=1 Win=64240 Len=0,,,,,,,,,,,,,,,,,,,,
218,2.903968,192.168.1.6,54.174.34.153,TLSv1.2,571,Client Hello,,,,,,,,,,,,,,,,,,,,
219,3.070178,54.174.34.153,192.168.1.6,TCP,58,"443  >  52007 [SYN, ACK] Seq=0 Ack=1 Win=26883 Len=0 MSS=1452",,,,,,,,,,,,,,,,,,,,
220,3.070464,192.168.1.6,54.174.34.153,TCP,54,52007  >  443 [ACK] Seq=1 Ack=1 Win=64240 Len=0,,,,,,,,,,,,,,,,,,,,
221,3.071167,192.168.1.6,54.174.34.153,TLSv1.2,571,Client Hello,,,,,,,,,,,,,,,,,,,,
222,3.108866,140.82.112.26,192.168.1.6,TCP,66,"443  >  52008 [SYN, ACK] Seq=0 Ack=1 Win=65535 Len=0 MSS=1436 SACK_PERM=1 WS=1024",,,,,,,,,,,,,,,,,,,,
223,3.109088,192.168.1.6,140.82.112.26,TCP,54,52008  >  443 [ACK] Seq=1 Ack=1 Win=132096 Len=0,,,,,,,,,,,,,,,,,,,,
224,3.109739,192.168.1.6,140.82.112.26,TLSv1.3,571,Client Hello,,,,,,,,,,,,,,,,,,,,
225,3.16315,54.174.34.153,192.168.1.6,TCP,54,443  >  52006 [ACK] Seq=1 Ack=518 Win=29480 Len=0,,,,,,,,,,,,,,,,,,,,
226,3.165631,54.174.34.153,192.168.1.6,TLSv1.2,1494,Server Hello,,,,,,,,,,,,,,,,,,,,
227,3.165965,54.174.34.153,192.168.1.6,TCP,1494,443  >  52006 [ACK] Seq=1441 Ack=518 Win=29480 Len=1440 [TCP segment of a reassembled PDU],,,,,,,,,,,,,,,,,,,,
228,3.165965,54.174.34.153,192.168.1.6,TLSv1.2,603,"Certificate, Server Key Exchange, Server Hello Done",,,,,,,,,,,,,,,,,,,,
229,3.166066,192.168.1.6,54.174.34.153,TCP,54,52006  >  443 [ACK] Seq=518 Ack=3430 Win=65340 Len=0,,,,,,,,,,,,,,,,,,,,
230,3.167953,192.168.1.6,54.174.34.153,TLSv1.2,180,"Client Key Exchange, Change Cipher Spec, Encrypted Handshake Message",,,,,,,,,,,,,,,,,,,,
231,3.332307,54.174.34.153,192.168.1.6,TCP,54,443  >  52007 [ACK] Seq=1 Ack=518 Win=29480 Len=0,,,,,,,,,,,,,,,,,,,,
232,3.334981,54.174.34.153,192.168.1.6,TLSv1.2,1494,Server Hello,,,,,,,,,,,,,,,,,,,,
233,3.334981,54.174.34.153,192.168.1.6,TCP,1494,443  >  52007 [ACK] Seq=1441 Ack=518 Win=29480 Len=1440 [TCP segment of a reassembled PDU],,,,,,,,,,,,,,,,,,,,
234,3.334981,54.174.34.153,192.168.1.6,TLSv1.2,603,"Certificate, Server Key Exchange, Server Hello Done",,,,,,,,,,,,,,,,,,,,
235,3.335253,192.168.1.6,54.174.34.153,TCP,54,52007  >  443 [ACK] Seq=518 Ack=3430 Win=65340 Len=0,,,,,,,,,,,,,,,,,,,,
236,3.339803,192.168.1.6,54.174.34.153,TLSv1.2,180,"Client Key Exchange, Change Cipher Spec, Encrypted Handshake Message",,,,,,,,,,,,,,,,,,,,
237,3.375629,140.82.112.26,192.168.1.6,TLSv1.3,1490,"Server Hello, Change Cipher Spec, Application Data",,,,,,,,,,,,,,,,,,,,
238,3.375629,140.82.112.26,192.168.1.6,TCP,1490,443  >  52008 [ACK] Seq=1437 Ack=518 Win=67584 Len=1436 [TCP segment of a reassembled PDU],,,,,,,,,,,,,,,,,,,,
239,3.375629,140.82.112.26,192.168.1.6,TLSv1.3,688,"Application Data, Application Data, Application Data",,,,,,,,,,,,,,,,,,,,
240,3.37591,192.168.1.6,140.82.112.26,TCP,54,52008  >  443 [ACK] Seq=518 Ack=3507 Win=132096 Len=0,,,,,,,,,,,,,,,,,,,,
241,3.379252,192.168.1.6,140.82.112.26,TLSv1.3,118,"Change Cipher Spec, Application Data",,,,,,,,,,,,,,,,,,,,
242,3.380144,192.168.1.6,140.82.112.26,TLSv1.3,938,Application Data,,,,,,,,,,,,,,,,,,,,
243,3.427458,54.174.34.153,192.168.1.6,TLSv1.2,105,"Change Cipher Spec, Encrypted Handshake Message",,,,,,,,,,,,,,,,,,,,
244,3.428476,192.168.1.6,54.174.34.153,TCP,1506,52006  >  443 [ACK] Seq=644 Ack=3481 Win=65289 Len=1452 [TCP segment of a reassembled PDU],,,,,,,,,,,,,,,,,,,,
245,3.428476,192.168.1.6,54.174.34.153,TLSv1.2,773,Application Data,,,,,,,,,,,,,,,,,,,,
246,3.601087,54.174.34.153,192.168.1.6,TLSv1.2,105,"Change Cipher Spec, Encrypted Handshake Message",,,,,,,,,,,,,,,,,,,,
247,3.641814,140.82.112.26,192.168.1.6,TLSv1.3,133,"[TCP Previous segment not captured] , Application Data",,,,,,,,,,,,,,,,,,,,
248,3.641915,192.168.1.6,140.82.112.26,TCP,66,[TCP Dup ACK 240#1] 52008  >  443 [ACK] Seq=1466 Ack=3507 Win=132096 Len=0 SLE=3586 SRE=3665,,,,,,,,,,,,,,,,,,,,
249,3.642535,192.168.1.6,54.174.34.153,TCP,54,52007  >  443 [ACK] Seq=644 Ack=3481 Win=65289 Len=0,,,,,,,,,,,,,,,,,,,,
250,3.650155,140.82.112.26,192.168.1.6,TLSv1.3,592,Application Data,,,,,,,,,,,,,,,,,,,,
251,3.650285,192.168.1.6,140.82.112.26,TCP,66,[TCP Dup ACK 240#2] 52008  >  443 [ACK] Seq=1466 Ack=3507 Win=132096 Len=0 SLE=3586 SRE=4203,,,,,,,,,,,,,,,,,,,,
252,3.690783,54.174.34.153,192.168.1.6,TCP,56,443  >  52006 [ACK] Seq=3481 Ack=2815 Win=34848 Len=0,,,,,,,,,,,,,,,,,,,,
253,3.693583,54.174.34.153,192.168.1.6,TLSv1.2,739,Application Data,,,,,,,,,,,,,,,,,,,,
254,3.7336,192.168.1.6,54.174.34.153,TCP,54,52006  >  443 [ACK] Seq=2815 Ack=4166 Win=64604 Len=0,,,,,,,,,,,,,,,,,,,,
255,3.986247,140.82.112.26,192.168.1.6,TCP,133,"[TCP Retransmission] 443  >  52008 [PSH, ACK] Seq=3507 Ack=1466 Win=68608 Len=79",,,,,,,,,,,,,,,,,,,,
256,3.986506,192.168.1.6,140.82.112.26,TCP,54,52008  >  443 [ACK] Seq=1466 Ack=4203 Win=131328 Len=0,,,,,,,,,,,,,,,,,,,,
257,3.989235,192.168.1.6,140.82.112.26,TLSv1.3,243,Application Data,,,,,,,,,,,,,,,,,,,,
258,4.252453,140.82.112.26,192.168.1.6,TLSv1.3,127,Application Data,,,,,,,,,,,,,,,,,,,,
259,4.293829,192.168.1.6,140.82.112.26,TCP,54,52008  >  443 [ACK] Seq=1655 Ack=4276 Win=131328 Len=0,,,,,,,,,,,,,,,,,,,,
260,6.075459,192.168.1.6,74.125.200.188,TCP,55,51868  >  5228 [ACK] Seq=1 Ack=1 Win=511 Len=1,,,,,,,,,,,,,,,,,,,,
261,6.093993,74.125.200.188,192.168.1.6,TCP,66,5228  >  51868 [ACK] Seq=1 Ack=2 Win=265 Len=0 SLE=1 SRE=2,,,,,,,,,,,,,,,,,,,,
262,9.242165,192.168.1.6,118.98.109.80,TCP,66,[TCP Retransmission] 51999  >  80 [SYN] Seq=0 Win=64240 Len=0 MSS=1460 WS=256 SACK_PERM=1,,,,,,,,,,,,,,,,,,,,
263,10.507145,192.168.1.6,74.125.24.190,UDP,1388,53483  >  443 Len=1346,,,,,,,,,,,,,,,,,,,,
264,10.539722,74.125.24.190,192.168.1.6,UDP,463,443  >  53483 Len=421,,,,,,,,,,,,,,,,,,,,
265,10.539722,74.125.24.190,192.168.1.6,UDP,289,443  >  53483 Len=247,,,,,,,,,,,,,,,,,,,,
266,10.540506,192.168.1.6,74.125.24.190,UDP,75,53483  >  443 Len=33,,,,,,,,,,,,,,,,,,,,
267,11.570874,192.168.1.6,13.229.188.59,TCP,1490,52002  >  443 [ACK] Seq=6015 Ack=42391 Win=132096 Len=1436 [TCP segment of a reassembled PDU],,,,,,,,,,,,,,,,,,,,
268,11.570874,192.168.1.6,13.229.188.59,TLSv1.3,585,Application Data,,,,,,,,,,,,,,,,,,,,
269,11.590553,13.229.188.59,192.168.1.6,TCP,56,443  >  52002 [ACK] Seq=42391 Ack=7451 Win=87040 Len=0,,,,,,,,,,,,,,,,,,,,
270,11.591531,13.229.188.59,192.168.1.6,TCP,56,443  >  52002 [ACK] Seq=42391 Ack=7982 Win=90112 Len=0,,,,,,,,,,,,,,,,,,,,
271,11.690026,192.168.1.6,74.125.24.190,UDP,913,53483  >  443 Len=871,,,,,,,,,,,,,,,,,,,,
272,11.71557,74.125.24.190,192.168.1.6,UDP,116,443  >  53483 Len=74,,,,,,,,,,,,,,,,,,,,
273,11.716603,74.125.24.190,192.168.1.6,UDP,67,443  >  53483 Len=25,,,,,,,,,,,,,,,,,,,,
274,11.717461,192.168.1.6,74.125.24.190,UDP,75,53483  >  443 Len=33,,,,,,,,,,,,,,,,,,,,
275,12.226936,13.229.188.59,192.168.1.6,TLSv1.3,1446,Application Data,,,,,,,,,,,,,,,,,,,,
276,12.226936,13.229.188.59,192.168.1.6,TLSv1.3,1446,Application Data,,,,,,,,,,,,,,,,,,,,
277,12.226936,13.229.188.59,192.168.1.6,TLSv1.3,1490,Application Data,,,,,,,,,,,,,,,,,,,,
278,12.226936,13.229.188.59,192.168.1.6,TLSv1.3,1490,Application Data [TCP segment of a reassembled PDU],,,,,,,,,,,,,,,,,,,,
279,12.226936,13.229.188.59,192.168.1.6,TLSv1.3,1490,Application Data [TCP segment of a reassembled PDU],,,,,,,,,,,,,,,,,,,,
280,12.226936,13.229.188.59,192.168.1.6,TLSv1.3,1490,Application Data [TCP segment of a reassembled PDU],,,,,,,,,,,,,,,,,,,,
281,12.226936,13.229.188.59,192.168.1.6,TLSv1.3,1490,Application Data [TCP segment of a reassembled PDU],,,,,,,,,,,,,,,,,,,,
282,12.226936,13.229.188.59,192.168.1.6,TLSv1.3,1490,Application Data [TCP segment of a reassembled PDU],,,,,,,,,,,,,,,,,,,,
283,12.226936,13.229.188.59,192.168.1.6,TLSv1.3,1490,"Application Data, Application Data",,,,,,,,,,,,,,,,,,,,
284,12.226936,13.229.188.59,192.168.1.6,TLSv1.3,1490,Application Data [TCP segment of a reassembled PDU],,,,,,,,,,,,,,,,,,,,
285,12.226936,13.229.188.59,192.168.1.6,TLSv1.3,1490,Application Data [TCP segment of a reassembled PDU],,,,,,,,,,,,,,,,,,,,
286,12.227088,192.168.1.6,13.229.188.59,TCP,54,52002  >  443 [ACK] Seq=7982 Ack=58099 Win=132096 Len=0,,,,,,,,,,,,,,,,,,,,
287,12.227771,13.229.188.59,192.168.1.6,TLSv1.3,1490,Application Data [TCP segment of a reassembled PDU],,,,,,,,,,,,,,,,,,,,
288,12.227771,13.229.188.59,192.168.1.6,TLSv1.3,1490,Application Data [TCP segment of a reassembled PDU],,,,,,,,,,,,,,,,,,,,
289,12.227771,13.229.188.59,192.168.1.6,TLSv1.3,1490,Application Data [TCP segment of a reassembled PDU],,,,,,,,,,,,,,,,,,,,
290,12.227771,13.229.188.59,192.168.1.6,TLSv1.3,1490,Application Data [TCP segment of a reassembled PDU],,,,,,,,,,,,,,,,,,,,
291,12.227771,13.229.188.59,192.168.1.6,TLSv1.3,1490,Application Data [TCP segment of a reassembled PDU],,,,,,,,,,,,,,,,,,,,
292,12.227771,13.229.188.59,192.168.1.6,TLSv1.3,1490,Application Data [TCP segment of a reassembled PDU],,,,,,,,,,,,,,,,,,,,
293,12.227838,192.168.1.6,13.229.188.59,TCP,54,52002  >  443 [ACK] Seq=7982 Ack=66715 Win=132096 Len=0,,,,,,,,,,,,,,,,,,,,
294,12.228755,13.229.188.59,192.168.1.6,TLSv1.3,1490,Application Data [TCP segment of a reassembled PDU],,,,,,,,,,,,,,,,,,,,
295,12.228755,13.229.188.59,192.168.1.6,TLSv1.3,1490,Application Data [TCP segment of a reassembled PDU],,,,,,,,,,,,,,,,,,,,
296,12.228755,13.229.188.59,192.168.1.6,TLSv1.3,1490,Application Data [TCP segment of a reassembled PDU],,,,,,,,,,,,,,,,,,,,
297,12.228755,13.229.188.59,192.168.1.6,TLSv1.3,1490,Application Data [TCP segment of a reassembled PDU],,,,,,,,,,,,,,,,,,,,
298,12.228755,13.229.188.59,192.168.1.6,TLSv1.3,1490,Application Data [TCP segment of a reassembled PDU],,,,,,,,,,,,,,,,,,,,
299,12.228755,13.229.188.59,192.168.1.6,TLSv1.3,1165,"Application Data, Application Data",,,,,,,,,,,,,,,,,,,,
300,12.228859,192.168.1.6,13.229.188.59,TCP,54,52002  >  443 [ACK] Seq=7982 Ack=75006 Win=132096 Len=0,,,,,,,,,,,,,,,,,,,,
301,12.244281,192.168.1.6,140.82.112.26,TLSv1.3,242,Application Data,,,,,,,,,,,,,,,,,,,,
302,12.255763,192.168.1.6,140.82.112.26,TLSv1.3,84,Application Data,,,,,,,,,,,,,,,,,,,,
303,12.256206,192.168.1.6,140.82.112.26,TCP,54,"52008  >  443 [FIN, ACK] Seq=1873 Ack=4276 Win=131328 Len=0",,,,,,,,,,,,,,,,,,,,
304,12.42282,192.168.1.6,74.125.130.95,UDP,215,51919  >  443 Len=173,,,,,,,,,,,,,,,,,,,,
305,12.460671,192.168.1.6,13.229.188.59,TCP,1490,52002  >  443 [ACK] Seq=7982 Ack=75006 Win=132096 Len=1436 [TCP segment of a reassembled PDU],,,,,,,,,,,,,,,,,,,,
306,12.460671,192.168.1.6,13.229.188.59,TLSv1.3,341,Application Data,,,,,,,,,,,,,,,,,,,,
307,12.462079,192.168.1.6,13.229.188.59,TCP,1490,52003  >  443 [ACK] Seq=2335 Ack=3350 Win=132096 Len=1436 [TCP segment of a reassembled PDU],,,,,,,,,,,,,,,,,,,,
308,12.462079,192.168.1.6,13.229.188.59,TLSv1.3,390,Application Data,,,,,,,,,,,,,,,,,,,,
309,12.467819,74.125.130.95,192.168.1.6,UDP,67,443  >  51919 Len=25,,,,,,,,,,,,,,,,,,,,
310,12.479471,13.229.188.59,192.168.1.6,TCP,56,443  >  52002 [ACK] Seq=75006 Ack=9418 Win=93184 Len=0,,,,,,,,,,,,,,,,,,,,
311,12.479596,13.229.188.59,192.168.1.6,TCP,56,443  >  52002 [ACK] Seq=75006 Ack=9705 Win=96256 Len=0,,,,,,,,,,,,,,,,,,,,
312,12.482582,13.229.188.59,192.168.1.6,TCP,56,443  >  52003 [ACK] Seq=3350 Ack=4107 Win=78848 Len=0,,,,,,,,,,,,,,,,,,,,
313,12.493315,74.125.130.95,192.168.1.6,UDP,166,443  >  51919 Len=124,,,,,,,,,,,,,,,,,,,,
314,12.493589,74.125.130.95,192.168.1.6,UDP,72,443  >  51919 Len=30,,,,,,,,,,,,,,,,,,,,
315,12.494022,192.168.1.6,74.125.130.95,UDP,75,51919  >  443 Len=33,,,,,,,,,,,,,,,,,,,,
316,12.50763,140.82.112.26,192.168.1.6,TLSv1.3,127,Application Data,,,,,,,,,,,,,,,,,,,,
317,12.507763,192.168.1.6,140.82.112.26,TCP,54,"52008  >  443 [RST, ACK] Seq=1874 Ack=4349 Win=0 Len=0",,,,,,,,,,,,,,,,,,,,
318,12.511623,192.168.1.6,13.229.188.59,TCP,1490,52004  >  443 [ACK] Seq=2312 Ack=5380 Win=132096 Len=1436 [TCP segment of a reassembled PDU],,,,,,,,,,,,,,,,,,,,
319,12.511623,192.168.1.6,13.229.188.59,TLSv1.3,363,Application Data,,,,,,,,,,,,,,,,,,,,
320,12.519814,140.82.112.26,192.168.1.6,TLSv1.3,80,Application Data,,,,,,,,,,,,,,,,,,,,
321,12.519814,140.82.112.26,192.168.1.6,TLSv1.3,78,Application Data,,,,,,,,,,,,,,,,,,,,
322,12.519886,192.168.1.6,140.82.112.26,TCP,54,52008  >  443 [RST] Seq=1874 Win=0 Len=0,,,,,,,,,,,,,,,,,,,,
323,12.519977,192.168.1.6,140.82.112.26,TCP,54,52008  >  443 [RST] Seq=1874 Win=0 Len=0,,,,,,,,,,,,,,,,,,,,
324,12.521561,192.168.1.6,172.217.27.46,UDP,444,51921  >  443 Len=402,,,,,,,,,,,,,,,,,,,,
325,12.525637,192.168.1.6,13.229.188.59,TCP,1490,52001  >  443 [ACK] Seq=2362 Ack=6737 Win=132096 Len=1436 [TCP segment of a reassembled PDU],,,,,,,,,,,,,,,,,,,,
326,12.525637,192.168.1.6,13.229.188.59,TLSv1.3,332,Application Data,,,,,,,,,,,,,,,,,,,,
327,12.532116,13.229.188.59,192.168.1.6,TCP,56,443  >  52004 [ACK] Seq=5380 Ack=4057 Win=78848 Len=0,,,,,,,,,,,,,,,,,,,,
328,12.540786,172.217.27.46,192.168.1.6,UDP,154,443  >  51921 Len=112,,,,,,,,,,,,,,,,,,,,
329,12.540786,172.217.27.46,192.168.1.6,UDP,67,443  >  51921 Len=25,,,,,,,,,,,,,,,,,,,,
330,12.541382,192.168.1.6,172.217.27.46,UDP,75,51921  >  443 Len=33,,,,,,,,,,,,,,,,,,,,
331,12.550395,13.229.188.59,192.168.1.6,TCP,56,443  >  52001 [ACK] Seq=6737 Ack=4076 Win=78848 Len=0,,,,,,,,,,,,,,,,,,,,
332,12.580561,192.168.1.6,54.174.34.153,TCP,1506,52006  >  443 [ACK] Seq=2815 Ack=4166 Win=64604 Len=1452 [TCP segment of a reassembled PDU],,,,,,,,,,,,,,,,,,,,
333,12.580561,192.168.1.6,54.174.34.153,TLSv1.2,767,Application Data,,,,,,,,,,,,,,,,,,,,
334,12.588794,192.168.1.6,185.199.108.154,TLSv1.2,127,Application Data,,,,,,,,,,,,,,,,,,,,
335,12.588985,192.168.1.6,185.199.108.154,TLSv1.2,100,Application Data,,,,,,,,,,,,,,,,,,,,
336,12.603813,192.168.1.6,13.250.168.23,TLSv1.3,772,Application Data,,,,,,,,,,,,,,,,,,,,
337,12.604287,192.168.1.6,13.250.168.23,TCP,1490,52005  >  443 [ACK] Seq=10690 Ack=4712 Win=130816 Len=1436 [TCP segment of a reassembled PDU],,,,,,,,,,,,,,,,,,,,
338,12.604287,192.168.1.6,13.250.168.23,TCP,1490,52005  >  443 [ACK] Seq=12126 Ack=4712 Win=130816 Len=1436 [TCP segment of a reassembled PDU],,,,,,,,,,,,,,,,,,,,
339,12.604287,192.168.1.6,13.250.168.23,TCP,1490,52005  >  443 [ACK] Seq=13562 Ack=4712 Win=130816 Len=1436 [TCP segment of a reassembled PDU],,,,,,,,,,,,,,,,,,,,
340,12.604287,192.168.1.6,13.250.168.23,TCP,1490,52005  >  443 [ACK] Seq=14998 Ack=4712 Win=130816 Len=1436 [TCP segment of a reassembled PDU],,,,,,,,,,,,,,,,,,,,
341,12.604287,192.168.1.6,13.250.168.23,TCP,1490,52005  >  443 [ACK] Seq=16434 Ack=4712 Win=130816 Len=1436 [TCP segment of a reassembled PDU],,,,,,,,,,,,,,,,,,,,
342,12.604287,192.168.1.6,13.250.168.23,TCP,1490,52005  >  443 [ACK] Seq=17870 Ack=4712 Win=130816 Len=1436 [TCP segment of a reassembled PDU],,,,,,,,,,,,,,,,,,,,
343,12.604287,192.168.1.6,13.250.168.23,TLSv1.3,637,Application Data,,,,,,,,,,,,,,,,,,,,
344,12.609891,185.199.108.154,192.168.1.6,TCP,56,443  >  51892 [ACK] Seq=1254 Ack=304 Win=82 Len=0,,,,,,,,,,,,,,,,,,,,
345,12.609891,185.199.108.154,192.168.1.6,TLSv1.2,1185,Application Data,,,,,,,,,,,,,,,,,,,,
346,12.625751,13.250.168.23,192.168.1.6,TCP,56,443  >  52005 [ACK] Seq=4712 Ack=10690 Win=89088 Len=0,,,,,,,,,,,,,,,,,,,,
347,12.626975,13.250.168.23,192.168.1.6,TCP,56,443  >  52005 [ACK] Seq=4712 Ack=12126 Win=91136 Len=0,,,,,,,,,,,,,,,,,,,,
348,12.628645,13.250.168.23,192.168.1.6,TCP,56,443  >  52005 [ACK] Seq=4712 Ack=13562 Win=94208 Len=0,,,,,,,,,,,,,,,,,,,,
349,12.628842,13.250.168.23,192.168.1.6,TCP,56,443  >  52005 [ACK] Seq=4712 Ack=14998 Win=97280 Len=0,,,,,,,,,,,,,,,,,,,,
350,12.630541,13.250.168.23,192.168.1.6,TCP,56,443  >  52005 [ACK] Seq=4712 Ack=16434 Win=100352 Len=0,,,,,,,,,,,,,,,,,,,,
351,12.630938,13.250.168.23,192.168.1.6,TCP,56,443  >  52005 [ACK] Seq=4712 Ack=17870 Win=103424 Len=0,,,,,,,,,,,,,,,,,,,,
352,12.632676,13.250.168.23,192.168.1.6,TCP,56,443  >  52005 [ACK] Seq=4712 Ack=19306 Win=106496 Len=0,,,,,,,,,,,,,,,,,,,,
353,12.633558,13.250.168.23,192.168.1.6,TCP,56,443  >  52005 [ACK] Seq=4712 Ack=19889 Win=108544 Len=0,,,,,,,,,,,,,,,,,,,,
354,12.650048,192.168.1.6,185.199.108.154,TCP,54,51892  >  443 [ACK] Seq=304 Ack=2385 Win=8269 Len=0,,,,,,,,,,,,,,,,,,,,
355,12.806894,13.229.188.59,192.168.1.6,TLSv1.3,1446,Application Data,,,,,,,,,,,,,,,,,,,,
356,12.806894,13.229.188.59,192.168.1.6,TLSv1.3,1446,Application Data,,,,,,,,,,,,,,,,,,,,
357,12.806894,13.229.188.59,192.168.1.6,TLSv1.3,320,Application Data,,,,,,,,,,,,,,,,,,,,
358,12.80711,192.168.1.6,13.229.188.59,TCP,54,52003  >  443 [ACK] Seq=4107 Ack=6400 Win=132096 Len=0,,,,,,,,,,,,,,,,,,,,
359,12.811536,13.229.188.59,192.168.1.6,TLSv1.3,1446,Application Data,,,,,,,,,,,,,,,,,,,,
360,12.811536,13.229.188.59,192.168.1.6,TLSv1.3,359,Application Data,,,,,,,,,,,,,,,,,,,,
361,12.811717,192.168.1.6,13.229.188.59,TCP,54,52001  >  443 [ACK] Seq=4076 Ack=8434 Win=132096 Len=0,,,,,,,,,,,,,,,,,,,,
362,12.812898,13.229.188.59,192.168.1.6,TLSv1.3,1446,Application Data,,,,,,,,,,,,,,,,,,,,
363,12.812898,13.229.188.59,192.168.1.6,TLSv1.3,1446,Application Data,,,,,,,,,,,,,,,,,,,,
364,12.812898,13.229.188.59,192.168.1.6,TLSv1.3,290,Application Data,,,,,,,,,,,,,,,,,,,,
365,12.813122,192.168.1.6,13.229.188.59,TCP,54,52004  >  443 [ACK] Seq=4057 Ack=8400 Win=132096 Len=0,,,,,,,,,,,,,,,,,,,,
366,12.817891,13.229.188.59,192.168.1.6,TLSv1.3,1446,Application Data,,,,,,,,,,,,,,,,,,,,
367,12.817891,13.229.188.59,192.168.1.6,TLSv1.3,1446,Application Data,,,,,,,,,,,,,,,,,,,,
368,12.817891,13.229.188.59,192.168.1.6,TLSv1.3,257,Application Data,,,,,,,,,,,,,,,,,,,,
369,12.817984,192.168.1.6,13.229.188.59,TCP,54,52002  >  443 [ACK] Seq=9705 Ack=77993 Win=132096 Len=0,,,,,,,,,,,,,,,,,,,,
370,12.818902,13.229.188.59,192.168.1.6,TLSv1.3,107,Application Data,,,,,,,,,,,,,,,,,,,,
371,12.818985,192.168.1.6,13.229.188.59,TCP,54,52002  >  443 [ACK] Seq=9705 Ack=78046 Win=131840 Len=0,,,,,,,,,,,,,,,,,,,,
372,12.840835,54.174.34.153,192.168.1.6,TCP,56,443  >  52006 [ACK] Seq=4166 Ack=4980 Win=40656 Len=0,,,,,,,,,,,,,,,,,,,,
373,12.846883,54.174.34.153,192.168.1.6,TLSv1.2,739,Application Data,,,,,,,,,,,,,,,,,,,,
374,12.886882,192.168.1.6,54.174.34.153,TCP,54,52006  >  443 [ACK] Seq=4980 Ack=4851 Win=63919 Len=0,,,,,,,,,,,,,,,,,,,,
375,12.890497,13.250.168.23,192.168.1.6,TLSv1.3,1086,Application Data,,,,,,,,,,,,,,,,,,,,
376,12.931049,192.168.1.6,13.250.168.23,TCP,54,52005  >  443 [ACK] Seq=19889 Ack=5744 Win=132096 Len=0,,,,,,,,,,,,,,,,,,,,
377,12.957761,192.168.1.6,13.229.188.59,TCP,1490,52002  >  443 [ACK] Seq=9705 Ack=78046 Win=131840 Len=1436 [TCP segment of a reassembled PDU],,,,,,,,,,,,,,,,,,,,
378,12.957761,192.168.1.6,13.229.188.59,TLSv1.3,377,Application Data,,,,,,,,,,,,,,,,,,,,
379,12.976618,192.168.1.6,140.82.112.26,TCP,66,52009  >  443 [SYN] Seq=0 Win=64240 Len=0 MSS=1460 WS=256 SACK_PERM=1,,,,,,,,,,,,,,,,,,,,
380,12.976936,13.229.188.59,192.168.1.6,TCP,56,443  >  52002 [ACK] Seq=78046 Ack=11141 Win=98304 Len=0,,,,,,,,,,,,,,,,,,,,
381,12.978005,13.229.188.59,192.168.1.6,TCP,56,443  >  52002 [ACK] Seq=78046 Ack=11464 Win=101376 Len=0,,,,,,,,,,,,,,,,,,,,
382,13.251813,140.82.112.26,192.168.1.6,TCP,66,"443  >  52009 [SYN, ACK] Seq=0 Ack=1 Win=65535 Len=0 MSS=1436 SACK_PERM=1 WS=1024",,,,,,,,,,,,,,,,,,,,
383,13.251986,192.168.1.6,140.82.112.26,TCP,54,52009  >  443 [ACK] Seq=1 Ack=1 Win=132096 Len=0,,,,,,,,,,,,,,,,,,,,
384,13.252786,192.168.1.6,140.82.112.26,TLSv1.2,571,Client Hello,,,,,,,,,,,,,,,,,,,,
385,13.297236,13.229.188.59,192.168.1.6,TLSv1.3,1446,Application Data,,,,,,,,,,,,,,,,,,,,
386,13.297236,13.229.188.59,192.168.1.6,TLSv1.3,1446,Application Data,,,,,,,,,,,,,,,,,,,,
387,13.297236,13.229.188.59,192.168.1.6,TLSv1.3,299,Application Data,,,,,,,,,,,,,,,,,,,,
388,13.297328,192.168.1.6,13.229.188.59,TCP,54,52002  >  443 [ACK] Seq=11464 Ack=81075 Win=132096 Len=0,,,,,,,,,,,,,,,,,,,,
389,13.531314,140.82.112.26,192.168.1.6,TLSv1.2,688,"[TCP Previous segment not captured] , Ignored Unknown Record",,,,,,,,,,,,,,,,,,,,
390,13.531407,192.168.1.6,140.82.112.26,TCP,66,[TCP Dup ACK 383#1] 52009  >  443 [ACK] Seq=518 Ack=1 Win=132096 Len=0 SLE=2873 SRE=3507,,,,,,,,,,,,,,,,,,,,
391,13.893115,140.82.112.26,192.168.1.6,TCP,1490,[TCP Retransmission] 443  >  52009 [ACK] Seq=1 Ack=518 Win=67584 Len=1436,,,,,,,,,,,,,,,,,,,,
392,13.893217,192.168.1.6,140.82.112.26,TCP,66,52009  >  443 [ACK] Seq=518 Ack=1437 Win=132096 Len=0 SLE=2873 SRE=3507,,,,,,,,,,,,,,,,,,,,
393,14.168855,140.82.112.26,192.168.1.6,TCP,1490,[TCP Retransmission] 443  >  52009 [ACK] Seq=1437 Ack=518 Win=67584 Len=1436,,,,,,,,,,,,,,,,,,,,
394,14.169084,192.168.1.6,140.82.112.26,TCP,54,52009  >  443 [ACK] Seq=518 Ack=3507 Win=132096 Len=0,,,,,,,,,,,,,,,,,,,,
395,14.170761,192.168.1.6,140.82.112.26,TLSv1.2,118,"Change Cipher Spec, Application Data",,,,,,,,,,,,,,,,,,,,
396,14.171231,192.168.1.6,140.82.112.26,TLSv1.2,938,Application Data,,,,,,,,,,,,,,,,,,,,
397,14.446798,140.82.112.26,192.168.1.6,TLSv1.2,133,Application Data,,,,,,,,,,,,,,,,,,,,
398,14.449477,140.82.112.26,192.168.1.6,TLSv1.2,591,"[TCP Previous segment not captured] , Application Data",,,,,,,,,,,,,,,,,,,,
399,14.449574,192.168.1.6,140.82.112.26,TCP,66,52009  >  443 [ACK] Seq=1466 Ack=3586 Win=131840 Len=0 SLE=3665 SRE=4202,,,,,,,,,,,,,,,,,,,,
400,14.809565,140.82.112.26,192.168.1.6,TCP,133,"[TCP Retransmission] 443  >  52009 [PSH, ACK] Seq=3586 Ack=1466 Win=68608 Len=79",,,,,,,,,,,,,,,,,,,,
401,14.809754,192.168.1.6,140.82.112.26,TCP,54,52009  >  443 [ACK] Seq=1466 Ack=4202 Win=131328 Len=0,,,,,,,,,,,,,,,,,,,,
402,14.812797,192.168.1.6,140.82.112.26,TLSv1.2,243,Application Data,,,,,,,,,,,,,,,,,,,,
403,15.090075,140.82.112.26,192.168.1.6,TLSv1.2,127,Application Data,,,,,,,,,,,,,,,,,,,,
404,15.099664,192.168.1.6,69.171.250.60,TLSv1.2,180,Application Data,,,,,,,,,,,,,,,,,,,,
405,15.117976,69.171.250.60,192.168.1.6,TCP,56,443  >  51962 [ACK] Seq=168 Ack=246 Win=470 Len=0,,,,,,,,,,,,,,,,,,,,
406,15.130594,192.168.1.6,140.82.112.26,TCP,54,52009  >  443 [ACK] Seq=1655 Ack=4275 Win=131328 Len=0,,,,,,,,,,,,,,,,,,,,
407,15.255114,192.168.1.6,118.98.109.80,TCP,66,52010  >  80 [SYN] Seq=0 Win=64240 Len=0 MSS=1460 WS=256 SACK_PERM=1,,,,,,,,,,,,,,,,,,,,
